environment,method,planner_name,solved,valid_replay,plan_length,expanded,generated,grounded_actions,time_ms,raw_stdout,raw_stderr,plan_txt,metrics_json,trace_json,search_profile_json,plan_panel,plan_animation,blockworld_3d_panel,blockworld_3d_animation,fire_3d_panel,fire_3d_animation,robot_task_3d_panel,robot_task_3d_animation
BlocksEasy.txt,bfs,Breadth First Search,True,True,1,1,5,80,0.330549,outputs/runs/BlocksEasy/bfs/stdout.txt,outputs/runs/BlocksEasy/bfs/stderr.txt,outputs/runs/BlocksEasy/bfs/plan.txt,outputs/runs/BlocksEasy/bfs/metrics.json,outputs/runs/BlocksEasy/bfs/trace.json,outputs/runs/BlocksEasy/bfs/search_profile.json,outputs/visualizations/BlocksEasy/bfs/plan_panel.png,outputs/visualizations/BlocksEasy/bfs/plan_animation.gif,outputs/visualizations/BlocksEasy/bfs/blockworld_3d_panel.png,outputs/visualizations/BlocksEasy/bfs/blockworld_3d_animation.gif,,,,
BlocksEasy.txt,astar,A Star Search [delete-relaxation-relaxed-plan],True,True,1,1,5,80,0.718416,outputs/runs/BlocksEasy/astar/stdout.txt,outputs/runs/BlocksEasy/astar/stderr.txt,outputs/runs/BlocksEasy/astar/plan.txt,outputs/runs/BlocksEasy/astar/metrics.json,outputs/runs/BlocksEasy/astar/trace.json,outputs/runs/BlocksEasy/astar/search_profile.json,outputs/visualizations/BlocksEasy/astar/plan_panel.png,outputs/visualizations/BlocksEasy/astar/plan_animation.gif,outputs/visualizations/BlocksEasy/astar/blockworld_3d_panel.png,outputs/visualizations/BlocksEasy/astar/blockworld_3d_animation.gif,,,,
BlocksEasy.txt,astar_goal,A Star Search [unsatisfied-goals],True,True,1,1,5,80,0.326368,outputs/runs/BlocksEasy/astar_goal/stdout.txt,outputs/runs/BlocksEasy/astar_goal/stderr.txt,outputs/runs/BlocksEasy/astar_goal/plan.txt,outputs/runs/BlocksEasy/astar_goal/metrics.json,outputs/runs/BlocksEasy/astar_goal/trace.json,outputs/runs/BlocksEasy/astar_goal/search_profile.json,outputs/visualizations/BlocksEasy/astar_goal/plan_panel.png,outputs/visualizations/BlocksEasy/astar_goal/plan_animation.gif,outputs/visualizations/BlocksEasy/astar_goal/blockworld_3d_panel.png,outputs/visualizations/BlocksEasy/astar_goal/blockworld_3d_animation.gif,,,,
BlocksEasy.txt,astar_hadd,A Star Search [delete-relaxation-hadd],True,True,1,1,5,80,0.949785,outputs/runs/BlocksEasy/astar_hadd/stdout.txt,outputs/runs/BlocksEasy/astar_hadd/stderr.txt,outputs/runs/BlocksEasy/astar_hadd/plan.txt,outputs/runs/BlocksEasy/astar_hadd/metrics.json,outputs/runs/BlocksEasy/astar_hadd/trace.json,outputs/runs/BlocksEasy/astar_hadd/search_profile.json,outputs/visualizations/BlocksEasy/astar_hadd/plan_panel.png,outputs/visualizations/BlocksEasy/astar_hadd/plan_animation.gif,outputs/visualizations/BlocksEasy/astar_hadd/blockworld_3d_panel.png,outputs/visualizations/BlocksEasy/astar_hadd/blockworld_3d_animation.gif,,,,
BlocksEasy.txt,optimal,A Star Search [delete-relaxation-hmax],True,True,1,1,5,80,0.954145,outputs/runs/BlocksEasy/optimal/stdout.txt,outputs/runs/BlocksEasy/optimal/stderr.txt,outputs/runs/BlocksEasy/optimal/plan.txt,outputs/runs/BlocksEasy/optimal/metrics.json,outputs/runs/BlocksEasy/optimal/trace.json,outputs/runs/BlocksEasy/optimal/search_profile.json,outputs/visualizations/BlocksEasy/optimal/plan_panel.png,outputs/visualizations/BlocksEasy/optimal/plan_animation.gif,outputs/visualizations/BlocksEasy/optimal/blockworld_3d_panel.png,outputs/visualizations/BlocksEasy/optimal/blockworld_3d_animation.gif,,,,
BlocksEasy.txt,strong,A Star Search [delete-relaxation-hadd],True,True,1,1,5,80,0.942645,outputs/runs/BlocksEasy/strong/stdout.txt,outputs/runs/BlocksEasy/strong/stderr.txt,outputs/runs/BlocksEasy/strong/plan.txt,outputs/runs/BlocksEasy/strong/metrics.json,outputs/runs/BlocksEasy/strong/trace.json,outputs/runs/BlocksEasy/strong/search_profile.json,outputs/visualizations/BlocksEasy/strong/plan_panel.png,outputs/visualizations/BlocksEasy/strong/plan_animation.gif,outputs/visualizations/BlocksEasy/strong/blockworld_3d_panel.png,outputs/visualizations/BlocksEasy/strong/blockworld_3d_animation.gif,,,,
BlocksEasy.txt,weighted_ff,"Weighted A Star Search [w=5, delete-relaxation-relaxed-plan]",True,True,1,1,5,80,0.801186,outputs/runs/BlocksEasy/weighted_ff/stdout.txt,outputs/runs/BlocksEasy/weighted_ff/stderr.txt,outputs/runs/BlocksEasy/weighted_ff/plan.txt,outputs/runs/BlocksEasy/weighted_ff/metrics.json,outputs/runs/BlocksEasy/weighted_ff/trace.json,outputs/runs/BlocksEasy/weighted_ff/search_profile.json,outputs/visualizations/BlocksEasy/weighted_ff/plan_panel.png,outputs/visualizations/BlocksEasy/weighted_ff/plan_animation.gif,outputs/visualizations/BlocksEasy/weighted_ff/blockworld_3d_panel.png,outputs/visualizations/BlocksEasy/weighted_ff/blockworld_3d_animation.gif,,,,
BlocksEasy.txt,greedy_ff,Greedy Best First Search [delete-relaxation-relaxed-plan],True,True,1,1,5,80,1.15738,outputs/runs/BlocksEasy/greedy_ff/stdout.txt,outputs/runs/BlocksEasy/greedy_ff/stderr.txt,outputs/runs/BlocksEasy/greedy_ff/plan.txt,outputs/runs/BlocksEasy/greedy_ff/metrics.json,outputs/runs/BlocksEasy/greedy_ff/trace.json,outputs/runs/BlocksEasy/greedy_ff/search_profile.json,outputs/visualizations/BlocksEasy/greedy_ff/plan_panel.png,outputs/visualizations/BlocksEasy/greedy_ff/plan_animation.gif,outputs/visualizations/BlocksEasy/greedy_ff/blockworld_3d_panel.png,outputs/visualizations/BlocksEasy/greedy_ff/blockworld_3d_animation.gif,,,,
Blocks.txt,bfs,Breadth First Search,True,True,3,20,28,80,0.662987,outputs/runs/Blocks/bfs/stdout.txt,outputs/runs/Blocks/bfs/stderr.txt,outputs/runs/Blocks/bfs/plan.txt,outputs/runs/Blocks/bfs/metrics.json,outputs/runs/Blocks/bfs/trace.json,outputs/runs/Blocks/bfs/search_profile.json,outputs/visualizations/Blocks/bfs/plan_panel.png,outputs/visualizations/Blocks/bfs/plan_animation.gif,outputs/visualizations/Blocks/bfs/blockworld_3d_panel.png,outputs/visualizations/Blocks/bfs/blockworld_3d_animation.gif,,,,
Blocks.txt,astar,A Star Search [delete-relaxation-relaxed-plan],True,True,3,3,17,80,1.44001,outputs/runs/Blocks/astar/stdout.txt,outputs/runs/Blocks/astar/stderr.txt,outputs/runs/Blocks/astar/plan.txt,outputs/runs/Blocks/astar/metrics.json,outputs/runs/Blocks/astar/trace.json,outputs/runs/Blocks/astar/search_profile.json,outputs/visualizations/Blocks/astar/plan_panel.png,outputs/visualizations/Blocks/astar/plan_animation.gif,outputs/visualizations/Blocks/astar/blockworld_3d_panel.png,outputs/visualizations/Blocks/astar/blockworld_3d_animation.gif,,,,
Blocks.txt,astar_goal,A Star Search [unsatisfied-goals],True,True,3,5,19,80,0.443437,outputs/runs/Blocks/astar_goal/stdout.txt,outputs/runs/Blocks/astar_goal/stderr.txt,outputs/runs/Blocks/astar_goal/plan.txt,outputs/runs/Blocks/astar_goal/metrics.json,outputs/runs/Blocks/astar_goal/trace.json,outputs/runs/Blocks/astar_goal/search_profile.json,outputs/visualizations/Blocks/astar_goal/plan_panel.png,outputs/visualizations/Blocks/astar_goal/plan_animation.gif,outputs/visualizations/Blocks/astar_goal/blockworld_3d_panel.png,outputs/visualizations/Blocks/astar_goal/blockworld_3d_animation.gif,,,,
Blocks.txt,astar_hadd,A Star Search [delete-relaxation-hadd],True,True,3,3,17,80,1.91687,outputs/runs/Blocks/astar_hadd/stdout.txt,outputs/runs/Blocks/astar_hadd/stderr.txt,outputs/runs/Blocks/astar_hadd/plan.txt,outputs/runs/Blocks/astar_hadd/metrics.json,outputs/runs/Blocks/astar_hadd/trace.json,outputs/runs/Blocks/astar_hadd/search_profile.json,outputs/visualizations/Blocks/astar_hadd/plan_panel.png,outputs/visualizations/Blocks/astar_hadd/plan_animation.gif,outputs/visualizations/Blocks/astar_hadd/blockworld_3d_panel.png,outputs/visualizations/Blocks/astar_hadd/blockworld_3d_animation.gif,,,,
Blocks.txt,optimal,A Star Search [delete-relaxation-hmax],True,True,3,3,17,80,2.13056,outputs/runs/Blocks/optimal/stdout.txt,outputs/runs/Blocks/optimal/stderr.txt,outputs/runs/Blocks/optimal/plan.txt,outputs/runs/Blocks/optimal/metrics.json,outputs/runs/Blocks/optimal/trace.json,outputs/runs/Blocks/optimal/search_profile.json,outputs/visualizations/Blocks/optimal/plan_panel.png,outputs/visualizations/Blocks/optimal/plan_animation.gif,outputs/visualizations/Blocks/optimal/blockworld_3d_panel.png,outputs/visualizations/Blocks/optimal/blockworld_3d_animation.gif,,,,
Blocks.txt,strong,A Star Search [delete-relaxation-hadd],True,True,3,3,17,80,1.95151,outputs/runs/Blocks/strong/stdout.txt,outputs/runs/Blocks/strong/stderr.txt,outputs/runs/Blocks/strong/plan.txt,outputs/runs/Blocks/strong/metrics.json,outputs/runs/Blocks/strong/trace.json,outputs/runs/Blocks/strong/search_profile.json,outputs/visualizations/Blocks/strong/plan_panel.png,outputs/visualizations/Blocks/strong/plan_animation.gif,outputs/visualizations/Blocks/strong/blockworld_3d_panel.png,outputs/visualizations/Blocks/strong/blockworld_3d_animation.gif,,,,
Blocks.txt,weighted_ff,"Weighted A Star Search [w=5, delete-relaxation-relaxed-plan]",True,True,3,3,17,80,1.31835,outputs/runs/Blocks/weighted_ff/stdout.txt,outputs/runs/Blocks/weighted_ff/stderr.txt,outputs/runs/Blocks/weighted_ff/plan.txt,outputs/runs/Blocks/weighted_ff/metrics.json,outputs/runs/Blocks/weighted_ff/trace.json,outputs/runs/Blocks/weighted_ff/search_profile.json,outputs/visualizations/Blocks/weighted_ff/plan_panel.png,outputs/visualizations/Blocks/weighted_ff/plan_animation.gif,outputs/visualizations/Blocks/weighted_ff/blockworld_3d_panel.png,outputs/visualizations/Blocks/weighted_ff/blockworld_3d_animation.gif,,,,
Blocks.txt,greedy_ff,Greedy Best First Search [delete-relaxation-relaxed-plan],True,True,3,3,17,80,1.3221,outputs/runs/Blocks/greedy_ff/stdout.txt,outputs/runs/Blocks/greedy_ff/stderr.txt,outputs/runs/Blocks/greedy_ff/plan.txt,outputs/runs/Blocks/greedy_ff/metrics.json,outputs/runs/Blocks/greedy_ff/trace.json,outputs/runs/Blocks/greedy_ff/search_profile.json,outputs/visualizations/Blocks/greedy_ff/plan_panel.png,outputs/visualizations/Blocks/greedy_ff/plan_animation.gif,outputs/visualizations/Blocks/greedy_ff/blockworld_3d_panel.png,outputs/visualizations/Blocks/greedy_ff/blockworld_3d_animation.gif,,,,
BlocksTower4.txt,bfs,Breadth First Search,True,True,4,19,52,150,1.06167,outputs/runs/BlocksTower4/bfs/stdout.txt,outputs/runs/BlocksTower4/bfs/stderr.txt,outputs/runs/BlocksTower4/bfs/plan.txt,outputs/runs/BlocksTower4/bfs/metrics.json,outputs/runs/BlocksTower4/bfs/trace.json,outputs/runs/BlocksTower4/bfs/search_profile.json,outputs/visualizations/BlocksTower4/bfs/plan_panel.png,outputs/visualizations/BlocksTower4/bfs/plan_animation.gif,outputs/visualizations/BlocksTower4/bfs/blockworld_3d_panel.png,outputs/visualizations/BlocksTower4/bfs/blockworld_3d_animation.gif,,,,
BlocksTower4.txt,astar,A Star Search [delete-relaxation-relaxed-plan],True,True,4,4,12,150,2.18646,outputs/runs/BlocksTower4/astar/stdout.txt,outputs/runs/BlocksTower4/astar/stderr.txt,outputs/runs/BlocksTower4/astar/plan.txt,outputs/runs/BlocksTower4/astar/metrics.json,outputs/runs/BlocksTower4/astar/trace.json,outputs/runs/BlocksTower4/astar/search_profile.json,outputs/visualizations/BlocksTower4/astar/plan_panel.png,outputs/visualizations/BlocksTower4/astar/plan_animation.gif,outputs/visualizations/BlocksTower4/astar/blockworld_3d_panel.png,outputs/visualizations/BlocksTower4/astar/blockworld_3d_animation.gif,,,,
BlocksTower4.txt,astar_goal,A Star Search [unsatisfied-goals],True,True,4,4,12,150,0.655936,outputs/runs/BlocksTower4/astar_goal/stdout.txt,outputs/runs/BlocksTower4/astar_goal/stderr.txt,outputs/runs/BlocksTower4/astar_goal/plan.txt,outputs/runs/BlocksTower4/astar_goal/metrics.json,outputs/runs/BlocksTower4/astar_goal/trace.json,outputs/runs/BlocksTower4/astar_goal/search_profile.json,outputs/visualizations/BlocksTower4/astar_goal/plan_panel.png,outputs/visualizations/BlocksTower4/astar_goal/plan_animation.gif,outputs/visualizations/BlocksTower4/astar_goal/blockworld_3d_panel.png,outputs/visualizations/BlocksTower4/astar_goal/blockworld_3d_animation.gif,,,,
BlocksTower4.txt,astar_hadd,A Star Search [delete-relaxation-hadd],True,True,4,4,12,150,6.58942,outputs/runs/BlocksTower4/astar_hadd/stdout.txt,outputs/runs/BlocksTower4/astar_hadd/stderr.txt,outputs/runs/BlocksTower4/astar_hadd/plan.txt,outputs/runs/BlocksTower4/astar_hadd/metrics.json,outputs/runs/BlocksTower4/astar_hadd/trace.json,outputs/runs/BlocksTower4/astar_hadd/search_profile.json,outputs/visualizations/BlocksTower4/astar_hadd/plan_panel.png,outputs/visualizations/BlocksTower4/astar_hadd/plan_animation.gif,outputs/visualizations/BlocksTower4/astar_hadd/blockworld_3d_panel.png,outputs/visualizations/BlocksTower4/astar_hadd/blockworld_3d_animation.gif,,,,
BlocksTower4.txt,optimal,A Star Search [delete-relaxation-hmax],True,True,4,4,12,150,3.6055,outputs/runs/BlocksTower4/optimal/stdout.txt,outputs/runs/BlocksTower4/optimal/stderr.txt,outputs/runs/BlocksTower4/optimal/plan.txt,outputs/runs/BlocksTower4/optimal/metrics.json,outputs/runs/BlocksTower4/optimal/trace.json,outputs/runs/BlocksTower4/optimal/search_profile.json,outputs/visualizations/BlocksTower4/optimal/plan_panel.png,outputs/visualizations/BlocksTower4/optimal/plan_animation.gif,outputs/visualizations/BlocksTower4/optimal/blockworld_3d_panel.png,outputs/visualizations/BlocksTower4/optimal/blockworld_3d_animation.gif,,,,
BlocksTower4.txt,strong,A Star Search [delete-relaxation-hadd],True,True,4,4,12,150,3.72841,outputs/runs/BlocksTower4/strong/stdout.txt,outputs/runs/BlocksTower4/strong/stderr.txt,outputs/runs/BlocksTower4/strong/plan.txt,outputs/runs/BlocksTower4/strong/metrics.json,outputs/runs/BlocksTower4/strong/trace.json,outputs/runs/BlocksTower4/strong/search_profile.json,outputs/visualizations/BlocksTower4/strong/plan_panel.png,outputs/visualizations/BlocksTower4/strong/plan_animation.gif,outputs/visualizations/BlocksTower4/strong/blockworld_3d_panel.png,outputs/visualizations/BlocksTower4/strong/blockworld_3d_animation.gif,,,,
BlocksTower4.txt,weighted_ff,"Weighted A Star Search [w=5, delete-relaxation-relaxed-plan]",True,True,4,4,12,150,2.17406,outputs/runs/BlocksTower4/weighted_ff/stdout.txt,outputs/runs/BlocksTower4/weighted_ff/stderr.txt,outputs/runs/BlocksTower4/weighted_ff/plan.txt,outputs/runs/BlocksTower4/weighted_ff/metrics.json,outputs/runs/BlocksTower4/weighted_ff/trace.json,outputs/runs/BlocksTower4/weighted_ff/search_profile.json,outputs/visualizations/BlocksTower4/weighted_ff/plan_panel.png,outputs/visualizations/BlocksTower4/weighted_ff/plan_animation.gif,outputs/visualizations/BlocksTower4/weighted_ff/blockworld_3d_panel.png,outputs/visualizations/BlocksTower4/weighted_ff/blockworld_3d_animation.gif,,,,
BlocksTower4.txt,greedy_ff,Greedy Best First Search [delete-relaxation-relaxed-plan],True,True,4,4,12,150,7.41561,outputs/runs/BlocksTower4/greedy_ff/stdout.txt,outputs/runs/BlocksTower4/greedy_ff/stderr.txt,outputs/runs/BlocksTower4/greedy_ff/plan.txt,outputs/runs/BlocksTower4/greedy_ff/metrics.json,outputs/runs/BlocksTower4/greedy_ff/trace.json,outputs/runs/BlocksTower4/greedy_ff/search_profile.json,outputs/visualizations/BlocksTower4/greedy_ff/plan_panel.png,outputs/visualizations/BlocksTower4/greedy_ff/plan_animation.gif,outputs/visualizations/BlocksTower4/greedy_ff/blockworld_3d_panel.png,outputs/visualizations/BlocksTower4/greedy_ff/blockworld_3d_animation.gif,,,,
BlocksTwoStack5.txt,bfs,Breadth First Search,True,True,5,287,630,252,15.8014,outputs/runs/BlocksTwoStack5/bfs/stdout.txt,outputs/runs/BlocksTwoStack5/bfs/stderr.txt,outputs/runs/BlocksTwoStack5/bfs/plan.txt,outputs/runs/BlocksTwoStack5/bfs/metrics.json,outputs/runs/BlocksTwoStack5/bfs/trace.json,outputs/runs/BlocksTwoStack5/bfs/search_profile.json,outputs/visualizations/BlocksTwoStack5/bfs/plan_panel.png,outputs/visualizations/BlocksTwoStack5/bfs/plan_animation.gif,outputs/visualizations/BlocksTwoStack5/bfs/blockworld_3d_panel.png,outputs/visualizations/BlocksTwoStack5/bfs/blockworld_3d_animation.gif,,,,
BlocksTwoStack5.txt,astar,A Star Search [delete-relaxation-relaxed-plan],True,True,6,16,118,252,21.7315,outputs/runs/BlocksTwoStack5/astar/stdout.txt,outputs/runs/BlocksTwoStack5/astar/stderr.txt,outputs/runs/BlocksTwoStack5/astar/plan.txt,outputs/runs/BlocksTwoStack5/astar/metrics.json,outputs/runs/BlocksTwoStack5/astar/trace.json,outputs/runs/BlocksTwoStack5/astar/search_profile.json,outputs/visualizations/BlocksTwoStack5/astar/plan_panel.png,outputs/visualizations/BlocksTwoStack5/astar/plan_animation.gif,outputs/visualizations/BlocksTwoStack5/astar/blockworld_3d_panel.png,outputs/visualizations/BlocksTwoStack5/astar/blockworld_3d_animation.gif,,,,
BlocksTwoStack5.txt,astar_goal,A Star Search [unsatisfied-goals],True,True,5,5,30,252,1.15136,outputs/runs/BlocksTwoStack5/astar_goal/stdout.txt,outputs/runs/BlocksTwoStack5/astar_goal/stderr.txt,outputs/runs/BlocksTwoStack5/astar_goal/plan.txt,outputs/runs/BlocksTwoStack5/astar_goal/metrics.json,outputs/runs/BlocksTwoStack5/astar_goal/trace.json,outputs/runs/BlocksTwoStack5/astar_goal/search_profile.json,outputs/visualizations/BlocksTwoStack5/astar_goal/plan_panel.png,outputs/visualizations/BlocksTwoStack5/astar_goal/plan_animation.gif,outputs/visualizations/BlocksTwoStack5/astar_goal/blockworld_3d_panel.png,outputs/visualizations/BlocksTwoStack5/astar_goal/blockworld_3d_animation.gif,,,,
BlocksTwoStack5.txt,astar_hadd,A Star Search [delete-relaxation-hadd],True,True,5,5,30,252,12.3705,outputs/runs/BlocksTwoStack5/astar_hadd/stdout.txt,outputs/runs/BlocksTwoStack5/astar_hadd/stderr.txt,outputs/runs/BlocksTwoStack5/astar_hadd/plan.txt,outputs/runs/BlocksTwoStack5/astar_hadd/metrics.json,outputs/runs/BlocksTwoStack5/astar_hadd/trace.json,outputs/runs/BlocksTwoStack5/astar_hadd/search_profile.json,outputs/visualizations/BlocksTwoStack5/astar_hadd/plan_panel.png,outputs/visualizations/BlocksTwoStack5/astar_hadd/plan_animation.gif,outputs/visualizations/BlocksTwoStack5/astar_hadd/blockworld_3d_panel.png,outputs/visualizations/BlocksTwoStack5/astar_hadd/blockworld_3d_animation.gif,,,,
BlocksTwoStack5.txt,optimal,A Star Search [delete-relaxation-hmax],True,True,5,16,137,252,43.5267,outputs/runs/BlocksTwoStack5/optimal/stdout.txt,outputs/runs/BlocksTwoStack5/optimal/stderr.txt,outputs/runs/BlocksTwoStack5/optimal/plan.txt,outputs/runs/BlocksTwoStack5/optimal/metrics.json,outputs/runs/BlocksTwoStack5/optimal/trace.json,outputs/runs/BlocksTwoStack5/optimal/search_profile.json,outputs/visualizations/BlocksTwoStack5/optimal/plan_panel.png,outputs/visualizations/BlocksTwoStack5/optimal/plan_animation.gif,outputs/visualizations/BlocksTwoStack5/optimal/blockworld_3d_panel.png,outputs/visualizations/BlocksTwoStack5/optimal/blockworld_3d_animation.gif,,,,
BlocksTwoStack5.txt,strong,A Star Search [delete-relaxation-hadd],True,True,5,5,30,252,11.3574,outputs/runs/BlocksTwoStack5/strong/stdout.txt,outputs/runs/BlocksTwoStack5/strong/stderr.txt,outputs/runs/BlocksTwoStack5/strong/plan.txt,outputs/runs/BlocksTwoStack5/strong/metrics.json,outputs/runs/BlocksTwoStack5/strong/trace.json,outputs/runs/BlocksTwoStack5/strong/search_profile.json,outputs/visualizations/BlocksTwoStack5/strong/plan_panel.png,outputs/visualizations/BlocksTwoStack5/strong/plan_animation.gif,outputs/visualizations/BlocksTwoStack5/strong/blockworld_3d_panel.png,outputs/visualizations/BlocksTwoStack5/strong/blockworld_3d_animation.gif,,,,
BlocksTwoStack5.txt,weighted_ff,"Weighted A Star Search [w=5, delete-relaxation-relaxed-plan]",True,True,7,8,60,252,27.6279,outputs/runs/BlocksTwoStack5/weighted_ff/stdout.txt,outputs/runs/BlocksTwoStack5/weighted_ff/stderr.txt,outputs/runs/BlocksTwoStack5/weighted_ff/plan.txt,outputs/runs/BlocksTwoStack5/weighted_ff/metrics.json,outputs/runs/BlocksTwoStack5/weighted_ff/trace.json,outputs/runs/BlocksTwoStack5/weighted_ff/search_profile.json,outputs/visualizations/BlocksTwoStack5/weighted_ff/plan_panel.png,outputs/visualizations/BlocksTwoStack5/weighted_ff/plan_animation.gif,outputs/visualizations/BlocksTwoStack5/weighted_ff/blockworld_3d_panel.png,outputs/visualizations/BlocksTwoStack5/weighted_ff/blockworld_3d_animation.gif,,,,
BlocksTwoStack5.txt,greedy_ff,Greedy Best First Search [delete-relaxation-relaxed-plan],True,True,7,8,60,252,35.8861,outputs/runs/BlocksTwoStack5/greedy_ff/stdout.txt,outputs/runs/BlocksTwoStack5/greedy_ff/stderr.txt,outputs/runs/BlocksTwoStack5/greedy_ff/plan.txt,outputs/runs/BlocksTwoStack5/greedy_ff/metrics.json,outputs/runs/BlocksTwoStack5/greedy_ff/trace.json,outputs/runs/BlocksTwoStack5/greedy_ff/search_profile.json,outputs/visualizations/BlocksTwoStack5/greedy_ff/plan_panel.png,outputs/visualizations/BlocksTwoStack5/greedy_ff/plan_animation.gif,outputs/visualizations/BlocksTwoStack5/greedy_ff/blockworld_3d_panel.png,outputs/visualizations/BlocksTwoStack5/greedy_ff/blockworld_3d_animation.gif,,,,
BlocksSixPairing.txt,bfs,Breadth First Search,True,True,5,764,2515,392,62.5966,outputs/runs/BlocksSixPairing/bfs/stdout.txt,outputs/runs/BlocksSixPairing/bfs/stderr.txt,outputs/runs/BlocksSixPairing/bfs/plan.txt,outputs/runs/BlocksSixPairing/bfs/metrics.json,outputs/runs/BlocksSixPairing/bfs/trace.json,outputs/runs/BlocksSixPairing/bfs/search_profile.json,outputs/visualizations/BlocksSixPairing/bfs/plan_panel.png,outputs/visualizations/BlocksSixPairing/bfs/plan_animation.gif,outputs/visualizations/BlocksSixPairing/bfs/blockworld_3d_panel.png,outputs/visualizations/BlocksSixPairing/bfs/blockworld_3d_animation.gif,,,,
BlocksSixPairing.txt,astar,A Star Search [delete-relaxation-relaxed-plan],True,True,5,6,62,392,17.5475,outputs/runs/BlocksSixPairing/astar/stdout.txt,outputs/runs/BlocksSixPairing/astar/stderr.txt,outputs/runs/BlocksSixPairing/astar/plan.txt,outputs/runs/BlocksSixPairing/astar/metrics.json,outputs/runs/BlocksSixPairing/astar/trace.json,outputs/runs/BlocksSixPairing/astar/search_profile.json,outputs/visualizations/BlocksSixPairing/astar/plan_panel.png,outputs/visualizations/BlocksSixPairing/astar/plan_animation.gif,outputs/visualizations/BlocksSixPairing/astar/blockworld_3d_panel.png,outputs/visualizations/BlocksSixPairing/astar/blockworld_3d_animation.gif,,,,
BlocksSixPairing.txt,astar_goal,A Star Search [unsatisfied-goals],True,True,5,7,65,392,2.24334,outputs/runs/BlocksSixPairing/astar_goal/stdout.txt,outputs/runs/BlocksSixPairing/astar_goal/stderr.txt,outputs/runs/BlocksSixPairing/astar_goal/plan.txt,outputs/runs/BlocksSixPairing/astar_goal/metrics.json,outputs/runs/BlocksSixPairing/astar_goal/trace.json,outputs/runs/BlocksSixPairing/astar_goal/search_profile.json,outputs/visualizations/BlocksSixPairing/astar_goal/plan_panel.png,outputs/visualizations/BlocksSixPairing/astar_goal/plan_animation.gif,outputs/visualizations/BlocksSixPairing/astar_goal/blockworld_3d_panel.png,outputs/visualizations/BlocksSixPairing/astar_goal/blockworld_3d_animation.gif,,,,
BlocksSixPairing.txt,astar_hadd,A Star Search [delete-relaxation-hadd],True,True,5,5,55,392,30.6091,outputs/runs/BlocksSixPairing/astar_hadd/stdout.txt,outputs/runs/BlocksSixPairing/astar_hadd/stderr.txt,outputs/runs/BlocksSixPairing/astar_hadd/plan.txt,outputs/runs/BlocksSixPairing/astar_hadd/metrics.json,outputs/runs/BlocksSixPairing/astar_hadd/trace.json,outputs/runs/BlocksSixPairing/astar_hadd/search_profile.json,outputs/visualizations/BlocksSixPairing/astar_hadd/plan_panel.png,outputs/visualizations/BlocksSixPairing/astar_hadd/plan_animation.gif,outputs/visualizations/BlocksSixPairing/astar_hadd/blockworld_3d_panel.png,outputs/visualizations/BlocksSixPairing/astar_hadd/blockworld_3d_animation.gif,,,,
BlocksSixPairing.txt,optimal,A Star Search [delete-relaxation-hmax],True,True,5,26,347,392,168.824,outputs/runs/BlocksSixPairing/optimal/stdout.txt,outputs/runs/BlocksSixPairing/optimal/stderr.txt,outputs/runs/BlocksSixPairing/optimal/plan.txt,outputs/runs/BlocksSixPairing/optimal/metrics.json,outputs/runs/BlocksSixPairing/optimal/trace.json,outputs/runs/BlocksSixPairing/optimal/search_profile.json,outputs/visualizations/BlocksSixPairing/optimal/plan_panel.png,outputs/visualizations/BlocksSixPairing/optimal/plan_animation.gif,outputs/visualizations/BlocksSixPairing/optimal/blockworld_3d_panel.png,outputs/visualizations/BlocksSixPairing/optimal/blockworld_3d_animation.gif,,,,
BlocksSixPairing.txt,strong,A Star Search [delete-relaxation-hadd],True,True,5,5,55,392,30.5614,outputs/runs/BlocksSixPairing/strong/stdout.txt,outputs/runs/BlocksSixPairing/strong/stderr.txt,outputs/runs/BlocksSixPairing/strong/plan.txt,outputs/runs/BlocksSixPairing/strong/metrics.json,outputs/runs/BlocksSixPairing/strong/trace.json,outputs/runs/BlocksSixPairing/strong/search_profile.json,outputs/visualizations/BlocksSixPairing/strong/plan_panel.png,outputs/visualizations/BlocksSixPairing/strong/plan_animation.gif,outputs/visualizations/BlocksSixPairing/strong/blockworld_3d_panel.png,outputs/visualizations/BlocksSixPairing/strong/blockworld_3d_animation.gif,,,,
BlocksSixPairing.txt,weighted_ff,"Weighted A Star Search [w=5, delete-relaxation-relaxed-plan]",True,True,5,6,62,392,18.0576,outputs/runs/BlocksSixPairing/weighted_ff/stdout.txt,outputs/runs/BlocksSixPairing/weighted_ff/stderr.txt,outputs/runs/BlocksSixPairing/weighted_ff/plan.txt,outputs/runs/BlocksSixPairing/weighted_ff/metrics.json,outputs/runs/BlocksSixPairing/weighted_ff/trace.json,outputs/runs/BlocksSixPairing/weighted_ff/search_profile.json,outputs/visualizations/BlocksSixPairing/weighted_ff/plan_panel.png,outputs/visualizations/BlocksSixPairing/weighted_ff/plan_animation.gif,outputs/visualizations/BlocksSixPairing/weighted_ff/blockworld_3d_panel.png,outputs/visualizations/BlocksSixPairing/weighted_ff/blockworld_3d_animation.gif,,,,
BlocksSixPairing.txt,greedy_ff,Greedy Best First Search [delete-relaxation-relaxed-plan],True,True,5,6,62,392,17.8288,outputs/runs/BlocksSixPairing/greedy_ff/stdout.txt,outputs/runs/BlocksSixPairing/greedy_ff/stderr.txt,outputs/runs/BlocksSixPairing/greedy_ff/plan.txt,outputs/runs/BlocksSixPairing/greedy_ff/metrics.json,outputs/runs/BlocksSixPairing/greedy_ff/trace.json,outputs/runs/BlocksSixPairing/greedy_ff/search_profile.json,outputs/visualizations/BlocksSixPairing/greedy_ff/plan_panel.png,outputs/visualizations/BlocksSixPairing/greedy_ff/plan_animation.gif,outputs/visualizations/BlocksSixPairing/greedy_ff/blockworld_3d_panel.png,outputs/visualizations/BlocksSixPairing/greedy_ff/blockworld_3d_animation.gif,,,,
BlocksTriangle.txt,bfs,Breadth First Search,True,True,6,476,1564,576,63.4602,outputs/runs/BlocksTriangle/bfs/stdout.txt,outputs/runs/BlocksTriangle/bfs/stderr.txt,outputs/runs/BlocksTriangle/bfs/plan.txt,outputs/runs/BlocksTriangle/bfs/metrics.json,outputs/runs/BlocksTriangle/bfs/trace.json,outputs/runs/BlocksTriangle/bfs/search_profile.json,outputs/visualizations/BlocksTriangle/bfs/plan_panel.png,outputs/visualizations/BlocksTriangle/bfs/plan_animation.gif,outputs/visualizations/BlocksTriangle/bfs/blockworld_3d_panel.png,outputs/visualizations/BlocksTriangle/bfs/blockworld_3d_animation.gif,,,,
BlocksTriangle.txt,astar,A Star Search [delete-relaxation-relaxed-plan],True,True,6,28,176,576,49.091,outputs/runs/BlocksTriangle/astar/stdout.txt,outputs/runs/BlocksTriangle/astar/stderr.txt,outputs/runs/BlocksTriangle/astar/plan.txt,outputs/runs/BlocksTriangle/astar/metrics.json,outputs/runs/BlocksTriangle/astar/trace.json,outputs/runs/BlocksTriangle/astar/search_profile.json,outputs/visualizations/BlocksTriangle/astar/plan_panel.png,outputs/visualizations/BlocksTriangle/astar/plan_animation.gif,outputs/visualizations/BlocksTriangle/astar/blockworld_3d_panel.png,outputs/visualizations/BlocksTriangle/astar/blockworld_3d_animation.gif,,,,
BlocksTriangle.txt,astar_goal,A Star Search [unsatisfied-goals],True,True,6,94,334,576,14.2348,outputs/runs/BlocksTriangle/astar_goal/stdout.txt,outputs/runs/BlocksTriangle/astar_goal/stderr.txt,outputs/runs/BlocksTriangle/astar_goal/plan.txt,outputs/runs/BlocksTriangle/astar_goal/metrics.json,outputs/runs/BlocksTriangle/astar_goal/trace.json,outputs/runs/BlocksTriangle/astar_goal/search_profile.json,outputs/visualizations/BlocksTriangle/astar_goal/plan_panel.png,outputs/visualizations/BlocksTriangle/astar_goal/plan_animation.gif,outputs/visualizations/BlocksTriangle/astar_goal/blockworld_3d_panel.png,outputs/visualizations/BlocksTriangle/astar_goal/blockworld_3d_animation.gif,,,,
BlocksTriangle.txt,astar_hadd,A Star Search [delete-relaxation-hadd],True,True,6,9,64,576,43.9194,outputs/runs/BlocksTriangle/astar_hadd/stdout.txt,outputs/runs/BlocksTriangle/astar_hadd/stderr.txt,outputs/runs/BlocksTriangle/astar_hadd/plan.txt,outputs/runs/BlocksTriangle/astar_hadd/metrics.json,outputs/runs/BlocksTriangle/astar_hadd/trace.json,outputs/runs/BlocksTriangle/astar_hadd/search_profile.json,outputs/visualizations/BlocksTriangle/astar_hadd/plan_panel.png,outputs/visualizations/BlocksTriangle/astar_hadd/plan_animation.gif,outputs/visualizations/BlocksTriangle/astar_hadd/blockworld_3d_panel.png,outputs/visualizations/BlocksTriangle/astar_hadd/blockworld_3d_animation.gif,,,,
BlocksTriangle.txt,optimal,A Star Search [delete-relaxation-hmax],True,True,6,30,239,576,169.079,outputs/runs/BlocksTriangle/optimal/stdout.txt,outputs/runs/BlocksTriangle/optimal/stderr.txt,outputs/runs/BlocksTriangle/optimal/plan.txt,outputs/runs/BlocksTriangle/optimal/metrics.json,outputs/runs/BlocksTriangle/optimal/trace.json,outputs/runs/BlocksTriangle/optimal/search_profile.json,outputs/visualizations/BlocksTriangle/optimal/plan_panel.png,outputs/visualizations/BlocksTriangle/optimal/plan_animation.gif,outputs/visualizations/BlocksTriangle/optimal/blockworld_3d_panel.png,outputs/visualizations/BlocksTriangle/optimal/blockworld_3d_animation.gif,,,,
BlocksTriangle.txt,strong,A Star Search [delete-relaxation-hadd],True,True,6,9,64,576,41.4642,outputs/runs/BlocksTriangle/strong/stdout.txt,outputs/runs/BlocksTriangle/strong/stderr.txt,outputs/runs/BlocksTriangle/strong/plan.txt,outputs/runs/BlocksTriangle/strong/metrics.json,outputs/runs/BlocksTriangle/strong/trace.json,outputs/runs/BlocksTriangle/strong/search_profile.json,outputs/visualizations/BlocksTriangle/strong/plan_panel.png,outputs/visualizations/BlocksTriangle/strong/plan_animation.gif,outputs/visualizations/BlocksTriangle/strong/blockworld_3d_panel.png,outputs/visualizations/BlocksTriangle/strong/blockworld_3d_animation.gif,,,,
BlocksTriangle.txt,weighted_ff,"Weighted A Star Search [w=5, delete-relaxation-relaxed-plan]",True,True,7,21,140,576,39.1579,outputs/runs/BlocksTriangle/weighted_ff/stdout.txt,outputs/runs/BlocksTriangle/weighted_ff/stderr.txt,outputs/runs/BlocksTriangle/weighted_ff/plan.txt,outputs/runs/BlocksTriangle/weighted_ff/metrics.json,outputs/runs/BlocksTriangle/weighted_ff/trace.json,outputs/runs/BlocksTriangle/weighted_ff/search_profile.json,outputs/visualizations/BlocksTriangle/weighted_ff/plan_panel.png,outputs/visualizations/BlocksTriangle/weighted_ff/plan_animation.gif,outputs/visualizations/BlocksTriangle/weighted_ff/blockworld_3d_panel.png,outputs/visualizations/BlocksTriangle/weighted_ff/blockworld_3d_animation.gif,,,,
BlocksTriangle.txt,greedy_ff,Greedy Best First Search [delete-relaxation-relaxed-plan],True,True,7,21,140,576,40.5207,outputs/runs/BlocksTriangle/greedy_ff/stdout.txt,outputs/runs/BlocksTriangle/greedy_ff/stderr.txt,outputs/runs/BlocksTriangle/greedy_ff/plan.txt,outputs/runs/BlocksTriangle/greedy_ff/metrics.json,outputs/runs/BlocksTriangle/greedy_ff/trace.json,outputs/runs/BlocksTriangle/greedy_ff/search_profile.json,outputs/visualizations/BlocksTriangle/greedy_ff/plan_panel.png,outputs/visualizations/BlocksTriangle/greedy_ff/plan_animation.gif,outputs/visualizations/BlocksTriangle/greedy_ff/blockworld_3d_panel.png,outputs/visualizations/BlocksTriangle/greedy_ff/blockworld_3d_animation.gif,,,,
BlocksTriangleBridge.txt,bfs,Breadth First Search,True,True,7,3050,5353,576,414.773,outputs/runs/BlocksTriangleBridge/bfs/stdout.txt,outputs/runs/BlocksTriangleBridge/bfs/stderr.txt,outputs/runs/BlocksTriangleBridge/bfs/plan.txt,outputs/runs/BlocksTriangleBridge/bfs/metrics.json,outputs/runs/BlocksTriangleBridge/bfs/trace.json,outputs/runs/BlocksTriangleBridge/bfs/search_profile.json,outputs/visualizations/BlocksTriangleBridge/bfs/plan_panel.png,outputs/visualizations/BlocksTriangleBridge/bfs/plan_animation.gif,outputs/visualizations/BlocksTriangleBridge/bfs/blockworld_3d_panel.png,outputs/visualizations/BlocksTriangleBridge/bfs/blockworld_3d_animation.gif,,,,
BlocksTriangleBridge.txt,astar,A Star Search [delete-relaxation-relaxed-plan],True,True,7,19,126,576,50.9248,outputs/runs/BlocksTriangleBridge/astar/stdout.txt,outputs/runs/BlocksTriangleBridge/astar/stderr.txt,outputs/runs/BlocksTriangleBridge/astar/plan.txt,outputs/runs/BlocksTriangleBridge/astar/metrics.json,outputs/runs/BlocksTriangleBridge/astar/trace.json,outputs/runs/BlocksTriangleBridge/astar/search_profile.json,outputs/visualizations/BlocksTriangleBridge/astar/plan_panel.png,outputs/visualizations/BlocksTriangleBridge/astar/plan_animation.gif,outputs/visualizations/BlocksTriangleBridge/astar/blockworld_3d_panel.png,outputs/visualizations/BlocksTriangleBridge/astar/blockworld_3d_animation.gif,,,,
BlocksTriangleBridge.txt,astar_goal,A Star Search [unsatisfied-goals],True,True,7,29,135,576,5.70801,outputs/runs/BlocksTriangleBridge/astar_goal/stdout.txt,outputs/runs/BlocksTriangleBridge/astar_goal/stderr.txt,outputs/runs/BlocksTriangleBridge/astar_goal/plan.txt,outputs/runs/BlocksTriangleBridge/astar_goal/metrics.json,outputs/runs/BlocksTriangleBridge/astar_goal/trace.json,outputs/runs/BlocksTriangleBridge/astar_goal/search_profile.json,outputs/visualizations/BlocksTriangleBridge/astar_goal/plan_panel.png,outputs/visualizations/BlocksTriangleBridge/astar_goal/plan_animation.gif,outputs/visualizations/BlocksTriangleBridge/astar_goal/blockworld_3d_panel.png,outputs/visualizations/BlocksTriangleBridge/astar_goal/blockworld_3d_animation.gif,,,,
BlocksTriangleBridge.txt,astar_hadd,A Star Search [delete-relaxation-hadd],True,True,7,7,61,576,42.0098,outputs/runs/BlocksTriangleBridge/astar_hadd/stdout.txt,outputs/runs/BlocksTriangleBridge/astar_hadd/stderr.txt,outputs/runs/BlocksTriangleBridge/astar_hadd/plan.txt,outputs/runs/BlocksTriangleBridge/astar_hadd/metrics.json,outputs/runs/BlocksTriangleBridge/astar_hadd/trace.json,outputs/runs/BlocksTriangleBridge/astar_hadd/search_profile.json,outputs/visualizations/BlocksTriangleBridge/astar_hadd/plan_panel.png,outputs/visualizations/BlocksTriangleBridge/astar_hadd/plan_animation.gif,outputs/visualizations/BlocksTriangleBridge/astar_hadd/blockworld_3d_panel.png,outputs/visualizations/BlocksTriangleBridge/astar_hadd/blockworld_3d_animation.gif,,,,
BlocksTriangleBridge.txt,optimal,A Star Search [delete-relaxation-hmax],True,True,7,219,1270,576,746.772,outputs/runs/BlocksTriangleBridge/optimal/stdout.txt,outputs/runs/BlocksTriangleBridge/optimal/stderr.txt,outputs/runs/BlocksTriangleBridge/optimal/plan.txt,outputs/runs/BlocksTriangleBridge/optimal/metrics.json,outputs/runs/BlocksTriangleBridge/optimal/trace.json,outputs/runs/BlocksTriangleBridge/optimal/search_profile.json,outputs/visualizations/BlocksTriangleBridge/optimal/plan_panel.png,outputs/visualizations/BlocksTriangleBridge/optimal/plan_animation.gif,outputs/visualizations/BlocksTriangleBridge/optimal/blockworld_3d_panel.png,outputs/visualizations/BlocksTriangleBridge/optimal/blockworld_3d_animation.gif,,,,
BlocksTriangleBridge.txt,strong,A Star Search [delete-relaxation-hadd],True,True,7,7,61,576,44.2318,outputs/runs/BlocksTriangleBridge/strong/stdout.txt,outputs/runs/BlocksTriangleBridge/strong/stderr.txt,outputs/runs/BlocksTriangleBridge/strong/plan.txt,outputs/runs/BlocksTriangleBridge/strong/metrics.json,outputs/runs/BlocksTriangleBridge/strong/trace.json,outputs/runs/BlocksTriangleBridge/strong/search_profile.json,outputs/visualizations/BlocksTriangleBridge/strong/plan_panel.png,outputs/visualizations/BlocksTriangleBridge/strong/plan_animation.gif,outputs/visualizations/BlocksTriangleBridge/strong/blockworld_3d_panel.png,outputs/visualizations/BlocksTriangleBridge/strong/blockworld_3d_animation.gif,,,,
BlocksTriangleBridge.txt,weighted_ff,"Weighted A Star Search [w=5, delete-relaxation-relaxed-plan]",True,True,7,15,105,576,40.768,outputs/runs/BlocksTriangleBridge/weighted_ff/stdout.txt,outputs/runs/BlocksTriangleBridge/weighted_ff/stderr.txt,outputs/runs/BlocksTriangleBridge/weighted_ff/plan.txt,outputs/runs/BlocksTriangleBridge/weighted_ff/metrics.json,outputs/runs/BlocksTriangleBridge/weighted_ff/trace.json,outputs/runs/BlocksTriangleBridge/weighted_ff/search_profile.json,outputs/visualizations/BlocksTriangleBridge/weighted_ff/plan_panel.png,outputs/visualizations/BlocksTriangleBridge/weighted_ff/plan_animation.gif,outputs/visualizations/BlocksTriangleBridge/weighted_ff/blockworld_3d_panel.png,outputs/visualizations/BlocksTriangleBridge/weighted_ff/blockworld_3d_animation.gif,,,,
BlocksTriangleBridge.txt,greedy_ff,Greedy Best First Search [delete-relaxation-relaxed-plan],True,True,7,15,105,576,40.7616,outputs/runs/BlocksTriangleBridge/greedy_ff/stdout.txt,outputs/runs/BlocksTriangleBridge/greedy_ff/stderr.txt,outputs/runs/BlocksTriangleBridge/greedy_ff/plan.txt,outputs/runs/BlocksTriangleBridge/greedy_ff/metrics.json,outputs/runs/BlocksTriangleBridge/greedy_ff/trace.json,outputs/runs/BlocksTriangleBridge/greedy_ff/search_profile.json,outputs/visualizations/BlocksTriangleBridge/greedy_ff/plan_panel.png,outputs/visualizations/BlocksTriangleBridge/greedy_ff/plan_animation.gif,outputs/visualizations/BlocksTriangleBridge/greedy_ff/blockworld_3d_panel.png,outputs/visualizations/BlocksTriangleBridge/greedy_ff/blockworld_3d_animation.gif,,,,
BlocksTriangleTwinTowers.txt,bfs,Breadth First Search,True,True,11,56160,69773,810,9412.51,outputs/runs/BlocksTriangleTwinTowers/bfs/stdout.txt,outputs/runs/BlocksTriangleTwinTowers/bfs/stderr.txt,outputs/runs/BlocksTriangleTwinTowers/bfs/plan.txt,outputs/runs/BlocksTriangleTwinTowers/bfs/metrics.json,outputs/runs/BlocksTriangleTwinTowers/bfs/trace.json,outputs/runs/BlocksTriangleTwinTowers/bfs/search_profile.json,outputs/visualizations/BlocksTriangleTwinTowers/bfs/plan_panel.png,outputs/visualizations/BlocksTriangleTwinTowers/bfs/plan_animation.gif,outputs/visualizations/BlocksTriangleTwinTowers/bfs/blockworld_3d_panel.png,outputs/visualizations/BlocksTriangleTwinTowers/bfs/blockworld_3d_animation.gif,,,,
BlocksTriangleTwinTowers.txt,astar,A Star Search [delete-relaxation-relaxed-plan],True,True,11,1148,7947,810,5446.2,outputs/runs/BlocksTriangleTwinTowers/astar/stdout.txt,outputs/runs/BlocksTriangleTwinTowers/astar/stderr.txt,outputs/runs/BlocksTriangleTwinTowers/astar/plan.txt,outputs/runs/BlocksTriangleTwinTowers/astar/metrics.json,outputs/runs/BlocksTriangleTwinTowers/astar/trace.json,outputs/runs/BlocksTriangleTwinTowers/astar/search_profile.json,outputs/visualizations/BlocksTriangleTwinTowers/astar/plan_panel.png,outputs/visualizations/BlocksTriangleTwinTowers/astar/plan_animation.gif,outputs/visualizations/BlocksTriangleTwinTowers/astar/blockworld_3d_panel.png,outputs/visualizations/BlocksTriangleTwinTowers/astar/blockworld_3d_animation.gif,,,,
BlocksTriangleTwinTowers.txt,astar_goal,A Star Search [unsatisfied-goals],True,True,11,1452,4916,810,269.018,outputs/runs/BlocksTriangleTwinTowers/astar_goal/stdout.txt,outputs/runs/BlocksTriangleTwinTowers/astar_goal/stderr.txt,outputs/runs/BlocksTriangleTwinTowers/astar_goal/plan.txt,outputs/runs/BlocksTriangleTwinTowers/astar_goal/metrics.json,outputs/runs/BlocksTriangleTwinTowers/astar_goal/trace.json,outputs/runs/BlocksTriangleTwinTowers/astar_goal/search_profile.json,outputs/visualizations/BlocksTriangleTwinTowers/astar_goal/plan_panel.png,outputs/visualizations/BlocksTriangleTwinTowers/astar_goal/plan_animation.gif,outputs/visualizations/BlocksTriangleTwinTowers/astar_goal/blockworld_3d_panel.png,outputs/visualizations/BlocksTriangleTwinTowers/astar_goal/blockworld_3d_animation.gif,,,,
BlocksTriangleTwinTowers.txt,astar_hadd,A Star Search [delete-relaxation-hadd],True,True,11,11,167,810,151.347,outputs/runs/BlocksTriangleTwinTowers/astar_hadd/stdout.txt,outputs/runs/BlocksTriangleTwinTowers/astar_hadd/stderr.txt,outputs/runs/BlocksTriangleTwinTowers/astar_hadd/plan.txt,outputs/runs/BlocksTriangleTwinTowers/astar_hadd/metrics.json,outputs/runs/BlocksTriangleTwinTowers/astar_hadd/trace.json,outputs/runs/BlocksTriangleTwinTowers/astar_hadd/search_profile.json,outputs/visualizations/BlocksTriangleTwinTowers/astar_hadd/plan_panel.png,outputs/visualizations/BlocksTriangleTwinTowers/astar_hadd/plan_animation.gif,outputs/visualizations/BlocksTriangleTwinTowers/astar_hadd/blockworld_3d_panel.png,outputs/visualizations/BlocksTriangleTwinTowers/astar_hadd/blockworld_3d_animation.gif,,,,
BlocksTriangleTwinTowers.txt,optimal,A Star Search [delete-relaxation-hmax],True,True,11,5652,23128,810,20571.5,outputs/runs/BlocksTriangleTwinTowers/optimal/stdout.txt,outputs/runs/BlocksTriangleTwinTowers/optimal/stderr.txt,outputs/runs/BlocksTriangleTwinTowers/optimal/plan.txt,outputs/runs/BlocksTriangleTwinTowers/optimal/metrics.json,outputs/runs/BlocksTriangleTwinTowers/optimal/trace.json,outputs/runs/BlocksTriangleTwinTowers/optimal/search_profile.json,outputs/visualizations/BlocksTriangleTwinTowers/optimal/plan_panel.png,outputs/visualizations/BlocksTriangleTwinTowers/optimal/plan_animation.gif,outputs/visualizations/BlocksTriangleTwinTowers/optimal/blockworld_3d_panel.png,outputs/visualizations/BlocksTriangleTwinTowers/optimal/blockworld_3d_animation.gif,,,,
BlocksTriangleTwinTowers.txt,strong,A Star Search [delete-relaxation-hadd],True,True,11,11,167,810,160.895,outputs/runs/BlocksTriangleTwinTowers/strong/stdout.txt,outputs/runs/BlocksTriangleTwinTowers/strong/stderr.txt,outputs/runs/BlocksTriangleTwinTowers/strong/plan.txt,outputs/runs/BlocksTriangleTwinTowers/strong/metrics.json,outputs/runs/BlocksTriangleTwinTowers/strong/trace.json,outputs/runs/BlocksTriangleTwinTowers/strong/search_profile.json,outputs/visualizations/BlocksTriangleTwinTowers/strong/plan_panel.png,outputs/visualizations/BlocksTriangleTwinTowers/strong/plan_animation.gif,outputs/visualizations/BlocksTriangleTwinTowers/strong/blockworld_3d_panel.png,outputs/visualizations/BlocksTriangleTwinTowers/strong/blockworld_3d_animation.gif,,,,
BlocksTriangleTwinTowers.txt,weighted_ff,"Weighted A Star Search [w=5, delete-relaxation-relaxed-plan]",True,True,16,435,3783,810,2564.6,outputs/runs/BlocksTriangleTwinTowers/weighted_ff/stdout.txt,outputs/runs/BlocksTriangleTwinTowers/weighted_ff/stderr.txt,outputs/runs/BlocksTriangleTwinTowers/weighted_ff/plan.txt,outputs/runs/BlocksTriangleTwinTowers/weighted_ff/metrics.json,outputs/runs/BlocksTriangleTwinTowers/weighted_ff/trace.json,outputs/runs/BlocksTriangleTwinTowers/weighted_ff/search_profile.json,outputs/visualizations/BlocksTriangleTwinTowers/weighted_ff/plan_panel.png,outputs/visualizations/BlocksTriangleTwinTowers/weighted_ff/plan_animation.gif,outputs/visualizations/BlocksTriangleTwinTowers/weighted_ff/blockworld_3d_panel.png,outputs/visualizations/BlocksTriangleTwinTowers/weighted_ff/blockworld_3d_animation.gif,,,,
BlocksTriangleTwinTowers.txt,greedy_ff,Greedy Best First Search [delete-relaxation-relaxed-plan],True,True,16,317,3007,810,4151.12,outputs/runs/BlocksTriangleTwinTowers/greedy_ff/stdout.txt,outputs/runs/BlocksTriangleTwinTowers/greedy_ff/stderr.txt,outputs/runs/BlocksTriangleTwinTowers/greedy_ff/plan.txt,outputs/runs/BlocksTriangleTwinTowers/greedy_ff/metrics.json,outputs/runs/BlocksTriangleTwinTowers/greedy_ff/trace.json,outputs/runs/BlocksTriangleTwinTowers/greedy_ff/search_profile.json,outputs/visualizations/BlocksTriangleTwinTowers/greedy_ff/plan_panel.png,outputs/visualizations/BlocksTriangleTwinTowers/greedy_ff/plan_animation.gif,outputs/visualizations/BlocksTriangleTwinTowers/greedy_ff/blockworld_3d_panel.png,outputs/visualizations/BlocksTriangleTwinTowers/greedy_ff/blockworld_3d_animation.gif,,,,
FireExtinguisher.txt,bfs,Breadth First Search,True,True,21,336,379,225,19.7243,outputs/runs/FireExtinguisher/bfs/stdout.txt,outputs/runs/FireExtinguisher/bfs/stderr.txt,outputs/runs/FireExtinguisher/bfs/plan.txt,outputs/runs/FireExtinguisher/bfs/metrics.json,outputs/runs/FireExtinguisher/bfs/trace.json,outputs/runs/FireExtinguisher/bfs/search_profile.json,outputs/visualizations/FireExtinguisher/bfs/plan_panel.png,outputs/visualizations/FireExtinguisher/bfs/plan_animation.gif,,,outputs/visualizations/FireExtinguisher/bfs/fire_3d_panel.png,outputs/visualizations/FireExtinguisher/bfs/fire_3d_animation.gif,,
FireExtinguisher.txt,astar,A Star Search [delete-relaxation-relaxed-plan],True,True,21,264,290,225,219.772,outputs/runs/FireExtinguisher/astar/stdout.txt,outputs/runs/FireExtinguisher/astar/stderr.txt,outputs/runs/FireExtinguisher/astar/plan.txt,outputs/runs/FireExtinguisher/astar/metrics.json,outputs/runs/FireExtinguisher/astar/trace.json,outputs/runs/FireExtinguisher/astar/search_profile.json,outputs/visualizations/FireExtinguisher/astar/plan_panel.png,outputs/visualizations/FireExtinguisher/astar/plan_animation.gif,,,outputs/visualizations/FireExtinguisher/astar/fire_3d_panel.png,outputs/visualizations/FireExtinguisher/astar/fire_3d_animation.gif,,
FireExtinguisher.txt,astar_goal,A Star Search [unsatisfied-goals],True,True,21,336,379,225,44.0093,outputs/runs/FireExtinguisher/astar_goal/stdout.txt,outputs/runs/FireExtinguisher/astar_goal/stderr.txt,outputs/runs/FireExtinguisher/astar_goal/plan.txt,outputs/runs/FireExtinguisher/astar_goal/metrics.json,outputs/runs/FireExtinguisher/astar_goal/trace.json,outputs/runs/FireExtinguisher/astar_goal/search_profile.json,outputs/visualizations/FireExtinguisher/astar_goal/plan_panel.png,outputs/visualizations/FireExtinguisher/astar_goal/plan_animation.gif,,,outputs/visualizations/FireExtinguisher/astar_goal/fire_3d_panel.png,outputs/visualizations/FireExtinguisher/astar_goal/fire_3d_animation.gif,,
FireExtinguisher.txt,astar_hadd,A Star Search [delete-relaxation-hadd],True,True,21,107,219,225,140.278,outputs/runs/FireExtinguisher/astar_hadd/stdout.txt,outputs/runs/FireExtinguisher/astar_hadd/stderr.txt,outputs/runs/FireExtinguisher/astar_hadd/plan.txt,outputs/runs/FireExtinguisher/astar_hadd/metrics.json,outputs/runs/FireExtinguisher/astar_hadd/trace.json,outputs/runs/FireExtinguisher/astar_hadd/search_profile.json,outputs/visualizations/FireExtinguisher/astar_hadd/plan_panel.png,outputs/visualizations/FireExtinguisher/astar_hadd/plan_animation.gif,,,outputs/visualizations/FireExtinguisher/astar_hadd/fire_3d_panel.png,outputs/visualizations/FireExtinguisher/astar_hadd/fire_3d_animation.gif,,
FireExtinguisher.txt,optimal,A Star Search [delete-relaxation-hmax],True,True,21,275,301,225,217.728,outputs/runs/FireExtinguisher/optimal/stdout.txt,outputs/runs/FireExtinguisher/optimal/stderr.txt,outputs/runs/FireExtinguisher/optimal/plan.txt,outputs/runs/FireExtinguisher/optimal/metrics.json,outputs/runs/FireExtinguisher/optimal/trace.json,outputs/runs/FireExtinguisher/optimal/search_profile.json,outputs/visualizations/FireExtinguisher/optimal/plan_panel.png,outputs/visualizations/FireExtinguisher/optimal/plan_animation.gif,,,outputs/visualizations/FireExtinguisher/optimal/fire_3d_panel.png,outputs/visualizations/FireExtinguisher/optimal/fire_3d_animation.gif,,
FireExtinguisher.txt,strong,A Star Search [delete-relaxation-hadd],True,True,21,107,219,225,71.61,outputs/runs/FireExtinguisher/strong/stdout.txt,outputs/runs/FireExtinguisher/strong/stderr.txt,outputs/runs/FireExtinguisher/strong/plan.txt,outputs/runs/FireExtinguisher/strong/metrics.json,outputs/runs/FireExtinguisher/strong/trace.json,outputs/runs/FireExtinguisher/strong/search_profile.json,outputs/visualizations/FireExtinguisher/strong/plan_panel.png,outputs/visualizations/FireExtinguisher/strong/plan_animation.gif,,,outputs/visualizations/FireExtinguisher/strong/fire_3d_panel.png,outputs/visualizations/FireExtinguisher/strong/fire_3d_animation.gif,,
FireExtinguisher.txt,weighted_ff,"Weighted A Star Search [w=5, delete-relaxation-relaxed-plan]",True,True,21,264,290,225,225.512,outputs/runs/FireExtinguisher/weighted_ff/stdout.txt,outputs/runs/FireExtinguisher/weighted_ff/stderr.txt,outputs/runs/FireExtinguisher/weighted_ff/plan.txt,outputs/runs/FireExtinguisher/weighted_ff/metrics.json,outputs/runs/FireExtinguisher/weighted_ff/trace.json,outputs/runs/FireExtinguisher/weighted_ff/search_profile.json,outputs/visualizations/FireExtinguisher/weighted_ff/plan_panel.png,outputs/visualizations/FireExtinguisher/weighted_ff/plan_animation.gif,,,outputs/visualizations/FireExtinguisher/weighted_ff/fire_3d_panel.png,outputs/visualizations/FireExtinguisher/weighted_ff/fire_3d_animation.gif,,
FireExtinguisher.txt,greedy_ff,Greedy Best First Search [delete-relaxation-relaxed-plan],True,True,21,260,290,225,231.098,outputs/runs/FireExtinguisher/greedy_ff/stdout.txt,outputs/runs/FireExtinguisher/greedy_ff/stderr.txt,outputs/runs/FireExtinguisher/greedy_ff/plan.txt,outputs/runs/FireExtinguisher/greedy_ff/metrics.json,outputs/runs/FireExtinguisher/greedy_ff/trace.json,outputs/runs/FireExtinguisher/greedy_ff/search_profile.json,outputs/visualizations/FireExtinguisher/greedy_ff/plan_panel.png,outputs/visualizations/FireExtinguisher/greedy_ff/plan_animation.gif,,,outputs/visualizations/FireExtinguisher/greedy_ff/fire_3d_panel.png,outputs/visualizations/FireExtinguisher/greedy_ff/fire_3d_animation.gif,,
FireExtinguisherReturn.txt,bfs,Breadth First Search,True,True,24,402,416,225,23.6708,outputs/runs/FireExtinguisherReturn/bfs/stdout.txt,outputs/runs/FireExtinguisherReturn/bfs/stderr.txt,outputs/runs/FireExtinguisherReturn/bfs/plan.txt,outputs/runs/FireExtinguisherReturn/bfs/metrics.json,outputs/runs/FireExtinguisherReturn/bfs/trace.json,outputs/runs/FireExtinguisherReturn/bfs/search_profile.json,outputs/visualizations/FireExtinguisherReturn/bfs/plan_panel.png,outputs/visualizations/FireExtinguisherReturn/bfs/plan_animation.gif,,,outputs/visualizations/FireExtinguisherReturn/bfs/fire_3d_panel.png,outputs/visualizations/FireExtinguisherReturn/bfs/fire_3d_animation.gif,,
FireExtinguisherReturn.txt,astar,A Star Search [delete-relaxation-relaxed-plan],True,True,24,304,376,225,264.443,outputs/runs/FireExtinguisherReturn/astar/stdout.txt,outputs/runs/FireExtinguisherReturn/astar/stderr.txt,outputs/runs/FireExtinguisherReturn/astar/plan.txt,outputs/runs/FireExtinguisherReturn/astar/metrics.json,outputs/runs/FireExtinguisherReturn/astar/trace.json,outputs/runs/FireExtinguisherReturn/astar/search_profile.json,outputs/visualizations/FireExtinguisherReturn/astar/plan_panel.png,outputs/visualizations/FireExtinguisherReturn/astar/plan_animation.gif,,,outputs/visualizations/FireExtinguisherReturn/astar/fire_3d_panel.png,outputs/visualizations/FireExtinguisherReturn/astar/fire_3d_animation.gif,,
FireExtinguisherReturn.txt,astar_goal,A Star Search [unsatisfied-goals],True,True,24,352,420,225,44.6924,outputs/runs/FireExtinguisherReturn/astar_goal/stdout.txt,outputs/runs/FireExtinguisherReturn/astar_goal/stderr.txt,outputs/runs/FireExtinguisherReturn/astar_goal/plan.txt,outputs/runs/FireExtinguisherReturn/astar_goal/metrics.json,outputs/runs/FireExtinguisherReturn/astar_goal/trace.json,outputs/runs/FireExtinguisherReturn/astar_goal/search_profile.json,outputs/visualizations/FireExtinguisherReturn/astar_goal/plan_panel.png,outputs/visualizations/FireExtinguisherReturn/astar_goal/plan_animation.gif,,,outputs/visualizations/FireExtinguisherReturn/astar_goal/fire_3d_panel.png,outputs/visualizations/FireExtinguisherReturn/astar_goal/fire_3d_animation.gif,,
FireExtinguisherReturn.txt,astar_hadd,A Star Search [delete-relaxation-hadd],True,True,24,82,246,225,151.45,outputs/runs/FireExtinguisherReturn/astar_hadd/stdout.txt,outputs/runs/FireExtinguisherReturn/astar_hadd/stderr.txt,outputs/runs/FireExtinguisherReturn/astar_hadd/plan.txt,outputs/runs/FireExtinguisherReturn/astar_hadd/metrics.json,outputs/runs/FireExtinguisherReturn/astar_hadd/trace.json,outputs/runs/FireExtinguisherReturn/astar_hadd/search_profile.json,outputs/visualizations/FireExtinguisherReturn/astar_hadd/plan_panel.png,outputs/visualizations/FireExtinguisherReturn/astar_hadd/plan_animation.gif,,,outputs/visualizations/FireExtinguisherReturn/astar_hadd/fire_3d_panel.png,outputs/visualizations/FireExtinguisherReturn/astar_hadd/fire_3d_animation.gif,,
FireExtinguisherReturn.txt,optimal,A Star Search [delete-relaxation-hmax],True,True,24,309,400,225,337.867,outputs/runs/FireExtinguisherReturn/optimal/stdout.txt,outputs/runs/FireExtinguisherReturn/optimal/stderr.txt,outputs/runs/FireExtinguisherReturn/optimal/plan.txt,outputs/runs/FireExtinguisherReturn/optimal/metrics.json,outputs/runs/FireExtinguisherReturn/optimal/trace.json,outputs/runs/FireExtinguisherReturn/optimal/search_profile.json,outputs/visualizations/FireExtinguisherReturn/optimal/plan_panel.png,outputs/visualizations/FireExtinguisherReturn/optimal/plan_animation.gif,,,outputs/visualizations/FireExtinguisherReturn/optimal/fire_3d_panel.png,outputs/visualizations/FireExtinguisherReturn/optimal/fire_3d_animation.gif,,
FireExtinguisherReturn.txt,strong,A Star Search [delete-relaxation-hadd],True,True,24,82,246,225,79.8228,outputs/runs/FireExtinguisherReturn/strong/stdout.txt,outputs/runs/FireExtinguisherReturn/strong/stderr.txt,outputs/runs/FireExtinguisherReturn/strong/plan.txt,outputs/runs/FireExtinguisherReturn/strong/metrics.json,outputs/runs/FireExtinguisherReturn/strong/trace.json,outputs/runs/FireExtinguisherReturn/strong/search_profile.json,outputs/visualizations/FireExtinguisherReturn/strong/plan_panel.png,outputs/visualizations/FireExtinguisherReturn/strong/plan_animation.gif,,,outputs/visualizations/FireExtinguisherReturn/strong/fire_3d_panel.png,outputs/visualizations/FireExtinguisherReturn/strong/fire_3d_animation.gif,,
FireExtinguisherReturn.txt,weighted_ff,"Weighted A Star Search [w=5, delete-relaxation-relaxed-plan]",True,True,24,279,353,225,285.508,outputs/runs/FireExtinguisherReturn/weighted_ff/stdout.txt,outputs/runs/FireExtinguisherReturn/weighted_ff/stderr.txt,outputs/runs/FireExtinguisherReturn/weighted_ff/plan.txt,outputs/runs/FireExtinguisherReturn/weighted_ff/metrics.json,outputs/runs/FireExtinguisherReturn/weighted_ff/trace.json,outputs/runs/FireExtinguisherReturn/weighted_ff/search_profile.json,outputs/visualizations/FireExtinguisherReturn/weighted_ff/plan_panel.png,outputs/visualizations/FireExtinguisherReturn/weighted_ff/plan_animation.gif,,,outputs/visualizations/FireExtinguisherReturn/weighted_ff/fire_3d_panel.png,outputs/visualizations/FireExtinguisherReturn/weighted_ff/fire_3d_animation.gif,,
FireExtinguisherReturn.txt,greedy_ff,Greedy Best First Search [delete-relaxation-relaxed-plan],True,True,24,275,353,225,284.069,outputs/runs/FireExtinguisherReturn/greedy_ff/stdout.txt,outputs/runs/FireExtinguisherReturn/greedy_ff/stderr.txt,outputs/runs/FireExtinguisherReturn/greedy_ff/plan.txt,outputs/runs/FireExtinguisherReturn/greedy_ff/metrics.json,outputs/runs/FireExtinguisherReturn/greedy_ff/trace.json,outputs/runs/FireExtinguisherReturn/greedy_ff/search_profile.json,outputs/visualizations/FireExtinguisherReturn/greedy_ff/plan_panel.png,outputs/visualizations/FireExtinguisherReturn/greedy_ff/plan_animation.gif,,,outputs/visualizations/FireExtinguisherReturn/greedy_ff/fire_3d_panel.png,outputs/visualizations/FireExtinguisherReturn/greedy_ff/fire_3d_animation.gif,,
HospitalThreeRobotDelivery.txt,bfs,Breadth First Search,True,True,12,12283,15518,3993,6292.32,outputs/runs/HospitalThreeRobotDelivery/bfs/stdout.txt,outputs/runs/HospitalThreeRobotDelivery/bfs/stderr.txt,outputs/runs/HospitalThreeRobotDelivery/bfs/plan.txt,outputs/runs/HospitalThreeRobotDelivery/bfs/metrics.json,outputs/runs/HospitalThreeRobotDelivery/bfs/trace.json,outputs/runs/HospitalThreeRobotDelivery/bfs/search_profile.json,outputs/visualizations/HospitalThreeRobotDelivery/bfs/plan_panel.png,,,,,,outputs/visualizations/HospitalThreeRobotDelivery/bfs/robot_task_3d_panel.png,outputs/visualizations/HospitalThreeRobotDelivery/bfs/robot_task_3d_animation.gif
HospitalThreeRobotDelivery.txt,astar,A Star Search [delete-relaxation-relaxed-plan],True,True,12,1816,6160,3993,17825.4,outputs/runs/HospitalThreeRobotDelivery/astar/stdout.txt,outputs/runs/HospitalThreeRobotDelivery/astar/stderr.txt,outputs/runs/HospitalThreeRobotDelivery/astar/plan.txt,outputs/runs/HospitalThreeRobotDelivery/astar/metrics.json,outputs/runs/HospitalThreeRobotDelivery/astar/trace.json,outputs/runs/HospitalThreeRobotDelivery/astar/search_profile.json,outputs/visualizations/HospitalThreeRobotDelivery/astar/plan_panel.png,,,,,,outputs/visualizations/HospitalThreeRobotDelivery/astar/robot_task_3d_panel.png,outputs/visualizations/HospitalThreeRobotDelivery/astar/robot_task_3d_animation.gif
HospitalThreeRobotDelivery.txt,astar_goal,A Star Search [unsatisfied-goals],True,True,12,4854,7731,3993,5479.31,outputs/runs/HospitalThreeRobotDelivery/astar_goal/stdout.txt,outputs/runs/HospitalThreeRobotDelivery/astar_goal/stderr.txt,outputs/runs/HospitalThreeRobotDelivery/astar_goal/plan.txt,outputs/runs/HospitalThreeRobotDelivery/astar_goal/metrics.json,outputs/runs/HospitalThreeRobotDelivery/astar_goal/trace.json,outputs/runs/HospitalThreeRobotDelivery/astar_goal/search_profile.json,outputs/visualizations/HospitalThreeRobotDelivery/astar_goal/plan_panel.png,,,,,,outputs/visualizations/HospitalThreeRobotDelivery/astar_goal/robot_task_3d_panel.png,outputs/visualizations/HospitalThreeRobotDelivery/astar_goal/robot_task_3d_animation.gif
HospitalThreeRobotDelivery.txt,astar_hadd,A Star Search [delete-relaxation-hadd],True,True,12,36,359,3993,1544.15,outputs/runs/HospitalThreeRobotDelivery/astar_hadd/stdout.txt,outputs/runs/HospitalThreeRobotDelivery/astar_hadd/stderr.txt,outputs/runs/HospitalThreeRobotDelivery/astar_hadd/plan.txt,outputs/runs/HospitalThreeRobotDelivery/astar_hadd/metrics.json,outputs/runs/HospitalThreeRobotDelivery/astar_hadd/trace.json,outputs/runs/HospitalThreeRobotDelivery/astar_hadd/search_profile.json,outputs/visualizations/HospitalThreeRobotDelivery/astar_hadd/plan_panel.png,,,,,,outputs/visualizations/HospitalThreeRobotDelivery/astar_hadd/robot_task_3d_panel.png,outputs/visualizations/HospitalThreeRobotDelivery/astar_hadd/robot_task_3d_animation.gif
HospitalThreeRobotDelivery.txt,optimal,A Star Search [delete-relaxation-hmax],True,True,12,4284,8686,3993,40182.9,outputs/runs/HospitalThreeRobotDelivery/optimal/stdout.txt,outputs/runs/HospitalThreeRobotDelivery/optimal/stderr.txt,outputs/runs/HospitalThreeRobotDelivery/optimal/plan.txt,outputs/runs/HospitalThreeRobotDelivery/optimal/metrics.json,outputs/runs/HospitalThreeRobotDelivery/optimal/trace.json,outputs/runs/HospitalThreeRobotDelivery/optimal/search_profile.json,outputs/visualizations/HospitalThreeRobotDelivery/optimal/plan_panel.png,,,,,,outputs/visualizations/HospitalThreeRobotDelivery/optimal/robot_task_3d_panel.png,outputs/visualizations/HospitalThreeRobotDelivery/optimal/robot_task_3d_animation.gif
HospitalThreeRobotDelivery.txt,strong,A Star Search [delete-relaxation-hadd],True,True,12,36,359,3993,787.483,outputs/runs/HospitalThreeRobotDelivery/strong/stdout.txt,outputs/runs/HospitalThreeRobotDelivery/strong/stderr.txt,outputs/runs/HospitalThreeRobotDelivery/strong/plan.txt,outputs/runs/HospitalThreeRobotDelivery/strong/metrics.json,outputs/runs/HospitalThreeRobotDelivery/strong/trace.json,outputs/runs/HospitalThreeRobotDelivery/strong/search_profile.json,outputs/visualizations/HospitalThreeRobotDelivery/strong/plan_panel.png,,,,,,outputs/visualizations/HospitalThreeRobotDelivery/strong/robot_task_3d_panel.png,outputs/visualizations/HospitalThreeRobotDelivery/strong/robot_task_3d_animation.gif
HospitalThreeRobotDelivery.txt,weighted_ff,"Weighted A Star Search [w=5, delete-relaxation-relaxed-plan]",True,True,12,438,2064,3993,6465.61,outputs/runs/HospitalThreeRobotDelivery/weighted_ff/stdout.txt,outputs/runs/HospitalThreeRobotDelivery/weighted_ff/stderr.txt,outputs/runs/HospitalThreeRobotDelivery/weighted_ff/plan.txt,outputs/runs/HospitalThreeRobotDelivery/weighted_ff/metrics.json,outputs/runs/HospitalThreeRobotDelivery/weighted_ff/trace.json,outputs/runs/HospitalThreeRobotDelivery/weighted_ff/search_profile.json,outputs/visualizations/HospitalThreeRobotDelivery/weighted_ff/plan_panel.png,,,,,,outputs/visualizations/HospitalThreeRobotDelivery/weighted_ff/robot_task_3d_panel.png,outputs/visualizations/HospitalThreeRobotDelivery/weighted_ff/robot_task_3d_animation.gif
HospitalThreeRobotDelivery.txt,greedy_ff,Greedy Best First Search [delete-relaxation-relaxed-plan],True,True,12,438,2064,3993,3521.34,outputs/runs/HospitalThreeRobotDelivery/greedy_ff/stdout.txt,outputs/runs/HospitalThreeRobotDelivery/greedy_ff/stderr.txt,outputs/runs/HospitalThreeRobotDelivery/greedy_ff/plan.txt,outputs/runs/HospitalThreeRobotDelivery/greedy_ff/metrics.json,outputs/runs/HospitalThreeRobotDelivery/greedy_ff/trace.json,outputs/runs/HospitalThreeRobotDelivery/greedy_ff/search_profile.json,outputs/visualizations/HospitalThreeRobotDelivery/greedy_ff/plan_panel.png,,,,,,outputs/visualizations/HospitalThreeRobotDelivery/greedy_ff/robot_task_3d_panel.png,outputs/visualizations/HospitalThreeRobotDelivery/greedy_ff/robot_task_3d_animation.gif
DisasterResponseThreeRobot.txt,bfs,Breadth First Search,True,True,12,10987,13934,3993,5856.74,outputs/runs/DisasterResponseThreeRobot/bfs/stdout.txt,outputs/runs/DisasterResponseThreeRobot/bfs/stderr.txt,outputs/runs/DisasterResponseThreeRobot/bfs/plan.txt,outputs/runs/DisasterResponseThreeRobot/bfs/metrics.json,outputs/runs/DisasterResponseThreeRobot/bfs/trace.json,outputs/runs/DisasterResponseThreeRobot/bfs/search_profile.json,outputs/visualizations/DisasterResponseThreeRobot/bfs/plan_panel.png,,,,,,outputs/visualizations/DisasterResponseThreeRobot/bfs/robot_task_3d_panel.png,outputs/visualizations/DisasterResponseThreeRobot/bfs/robot_task_3d_animation.gif
DisasterResponseThreeRobot.txt,astar,A Star Search [delete-relaxation-relaxed-plan],True,True,12,1816,6160,3993,9358.7,outputs/runs/DisasterResponseThreeRobot/astar/stdout.txt,outputs/runs/DisasterResponseThreeRobot/astar/stderr.txt,outputs/runs/DisasterResponseThreeRobot/astar/plan.txt,outputs/runs/DisasterResponseThreeRobot/astar/metrics.json,outputs/runs/DisasterResponseThreeRobot/astar/trace.json,outputs/runs/DisasterResponseThreeRobot/astar/search_profile.json,outputs/visualizations/DisasterResponseThreeRobot/astar/plan_panel.png,,,,,,outputs/visualizations/DisasterResponseThreeRobot/astar/robot_task_3d_panel.png,outputs/visualizations/DisasterResponseThreeRobot/astar/robot_task_3d_animation.gif
DisasterResponseThreeRobot.txt,astar_goal,A Star Search [unsatisfied-goals],True,True,12,4854,7731,3993,2977.81,outputs/runs/DisasterResponseThreeRobot/astar_goal/stdout.txt,outputs/runs/DisasterResponseThreeRobot/astar_goal/stderr.txt,outputs/runs/DisasterResponseThreeRobot/astar_goal/plan.txt,outputs/runs/DisasterResponseThreeRobot/astar_goal/metrics.json,outputs/runs/DisasterResponseThreeRobot/astar_goal/trace.json,outputs/runs/DisasterResponseThreeRobot/astar_goal/search_profile.json,outputs/visualizations/DisasterResponseThreeRobot/astar_goal/plan_panel.png,,,,,,outputs/visualizations/DisasterResponseThreeRobot/astar_goal/robot_task_3d_panel.png,outputs/visualizations/DisasterResponseThreeRobot/astar_goal/robot_task_3d_animation.gif
DisasterResponseThreeRobot.txt,astar_hadd,A Star Search [delete-relaxation-hadd],True,True,12,72,640,3993,1309.74,outputs/runs/DisasterResponseThreeRobot/astar_hadd/stdout.txt,outputs/runs/DisasterResponseThreeRobot/astar_hadd/stderr.txt,outputs/runs/DisasterResponseThreeRobot/astar_hadd/plan.txt,outputs/runs/DisasterResponseThreeRobot/astar_hadd/metrics.json,outputs/runs/DisasterResponseThreeRobot/astar_hadd/trace.json,outputs/runs/DisasterResponseThreeRobot/astar_hadd/search_profile.json,outputs/visualizations/DisasterResponseThreeRobot/astar_hadd/plan_panel.png,,,,,,outputs/visualizations/DisasterResponseThreeRobot/astar_hadd/robot_task_3d_panel.png,outputs/visualizations/DisasterResponseThreeRobot/astar_hadd/robot_task_3d_animation.gif
DisasterResponseThreeRobot.txt,optimal,A Star Search [delete-relaxation-hmax],True,True,12,4284,8690,3993,19704.9,outputs/runs/DisasterResponseThreeRobot/optimal/stdout.txt,outputs/runs/DisasterResponseThreeRobot/optimal/stderr.txt,outputs/runs/DisasterResponseThreeRobot/optimal/plan.txt,outputs/runs/DisasterResponseThreeRobot/optimal/metrics.json,outputs/runs/DisasterResponseThreeRobot/optimal/trace.json,outputs/runs/DisasterResponseThreeRobot/optimal/search_profile.json,outputs/visualizations/DisasterResponseThreeRobot/optimal/plan_panel.png,,,,,,outputs/visualizations/DisasterResponseThreeRobot/optimal/robot_task_3d_panel.png,outputs/visualizations/DisasterResponseThreeRobot/optimal/robot_task_3d_animation.gif
DisasterResponseThreeRobot.txt,strong,A Star Search [delete-relaxation-hadd],True,True,12,72,640,3993,1302.91,outputs/runs/DisasterResponseThreeRobot/strong/stdout.txt,outputs/runs/DisasterResponseThreeRobot/strong/stderr.txt,outputs/runs/DisasterResponseThreeRobot/strong/plan.txt,outputs/runs/DisasterResponseThreeRobot/strong/metrics.json,outputs/runs/DisasterResponseThreeRobot/strong/trace.json,outputs/runs/DisasterResponseThreeRobot/strong/search_profile.json,outputs/visualizations/DisasterResponseThreeRobot/strong/plan_panel.png,,,,,,outputs/visualizations/DisasterResponseThreeRobot/strong/robot_task_3d_panel.png,outputs/visualizations/DisasterResponseThreeRobot/strong/robot_task_3d_animation.gif
DisasterResponseThreeRobot.txt,weighted_ff,"Weighted A Star Search [w=5, delete-relaxation-relaxed-plan]",True,True,12,414,1932,3993,3412.57,outputs/runs/DisasterResponseThreeRobot/weighted_ff/stdout.txt,outputs/runs/DisasterResponseThreeRobot/weighted_ff/stderr.txt,outputs/runs/DisasterResponseThreeRobot/weighted_ff/plan.txt,outputs/runs/DisasterResponseThreeRobot/weighted_ff/metrics.json,outputs/runs/DisasterResponseThreeRobot/weighted_ff/trace.json,outputs/runs/DisasterResponseThreeRobot/weighted_ff/search_profile.json,outputs/visualizations/DisasterResponseThreeRobot/weighted_ff/plan_panel.png,,,,,,outputs/visualizations/DisasterResponseThreeRobot/weighted_ff/robot_task_3d_panel.png,outputs/visualizations/DisasterResponseThreeRobot/weighted_ff/robot_task_3d_animation.gif
DisasterResponseThreeRobot.txt,greedy_ff,Greedy Best First Search [delete-relaxation-relaxed-plan],True,True,12,414,1932,3993,6308.16,outputs/runs/DisasterResponseThreeRobot/greedy_ff/stdout.txt,outputs/runs/DisasterResponseThreeRobot/greedy_ff/stderr.txt,outputs/runs/DisasterResponseThreeRobot/greedy_ff/plan.txt,outputs/runs/DisasterResponseThreeRobot/greedy_ff/metrics.json,outputs/runs/DisasterResponseThreeRobot/greedy_ff/trace.json,outputs/runs/DisasterResponseThreeRobot/greedy_ff/search_profile.json,outputs/visualizations/DisasterResponseThreeRobot/greedy_ff/plan_panel.png,,,,,,outputs/visualizations/DisasterResponseThreeRobot/greedy_ff/robot_task_3d_panel.png,outputs/visualizations/DisasterResponseThreeRobot/greedy_ff/robot_task_3d_animation.gif
WarehouseThreeRobotFulfillment.txt,bfs,Breadth First Search,True,True,11,10339,15062,3993,5410.73,outputs/runs/WarehouseThreeRobotFulfillment/bfs/stdout.txt,outputs/runs/WarehouseThreeRobotFulfillment/bfs/stderr.txt,outputs/runs/WarehouseThreeRobotFulfillment/bfs/plan.txt,outputs/runs/WarehouseThreeRobotFulfillment/bfs/metrics.json,outputs/runs/WarehouseThreeRobotFulfillment/bfs/trace.json,outputs/runs/WarehouseThreeRobotFulfillment/bfs/search_profile.json,outputs/visualizations/WarehouseThreeRobotFulfillment/bfs/plan_panel.png,,,,,,outputs/visualizations/WarehouseThreeRobotFulfillment/bfs/robot_task_3d_panel.png,outputs/visualizations/WarehouseThreeRobotFulfillment/bfs/robot_task_3d_animation.gif
WarehouseThreeRobotFulfillment.txt,astar,A Star Search [delete-relaxation-relaxed-plan],True,True,11,1424,4844,3993,9640.6,outputs/runs/WarehouseThreeRobotFulfillment/astar/stdout.txt,outputs/runs/WarehouseThreeRobotFulfillment/astar/stderr.txt,outputs/runs/WarehouseThreeRobotFulfillment/astar/plan.txt,outputs/runs/WarehouseThreeRobotFulfillment/astar/metrics.json,outputs/runs/WarehouseThreeRobotFulfillment/astar/trace.json,outputs/runs/WarehouseThreeRobotFulfillment/astar/search_profile.json,outputs/visualizations/WarehouseThreeRobotFulfillment/astar/plan_panel.png,,,,,,outputs/visualizations/WarehouseThreeRobotFulfillment/astar/robot_task_3d_panel.png,outputs/visualizations/WarehouseThreeRobotFulfillment/astar/robot_task_3d_animation.gif
WarehouseThreeRobotFulfillment.txt,astar_goal,A Star Search [unsatisfied-goals],True,True,11,4310,6888,3993,2654.1,outputs/runs/WarehouseThreeRobotFulfillment/astar_goal/stdout.txt,outputs/runs/WarehouseThreeRobotFulfillment/astar_goal/stderr.txt,outputs/runs/WarehouseThreeRobotFulfillment/astar_goal/plan.txt,outputs/runs/WarehouseThreeRobotFulfillment/astar_goal/metrics.json,outputs/runs/WarehouseThreeRobotFulfillment/astar_goal/trace.json,outputs/runs/WarehouseThreeRobotFulfillment/astar_goal/search_profile.json,outputs/visualizations/WarehouseThreeRobotFulfillment/astar_goal/plan_panel.png,,,,,,outputs/visualizations/WarehouseThreeRobotFulfillment/astar_goal/robot_task_3d_panel.png,outputs/visualizations/WarehouseThreeRobotFulfillment/astar_goal/robot_task_3d_animation.gif
WarehouseThreeRobotFulfillment.txt,astar_hadd,A Star Search [delete-relaxation-hadd],True,True,11,11,133,3993,298.359,outputs/runs/WarehouseThreeRobotFulfillment/astar_hadd/stdout.txt,outputs/runs/WarehouseThreeRobotFulfillment/astar_hadd/stderr.txt,outputs/runs/WarehouseThreeRobotFulfillment/astar_hadd/plan.txt,outputs/runs/WarehouseThreeRobotFulfillment/astar_hadd/metrics.json,outputs/runs/WarehouseThreeRobotFulfillment/astar_hadd/trace.json,outputs/runs/WarehouseThreeRobotFulfillment/astar_hadd/search_profile.json,outputs/visualizations/WarehouseThreeRobotFulfillment/astar_hadd/plan_panel.png,,,,,,outputs/visualizations/WarehouseThreeRobotFulfillment/astar_hadd/robot_task_3d_panel.png,outputs/visualizations/WarehouseThreeRobotFulfillment/astar_hadd/robot_task_3d_animation.gif
WarehouseThreeRobotFulfillment.txt,optimal,A Star Search [delete-relaxation-hmax],True,True,11,3884,7734,3993,34586.6,outputs/runs/WarehouseThreeRobotFulfillment/optimal/stdout.txt,outputs/runs/WarehouseThreeRobotFulfillment/optimal/stderr.txt,outputs/runs/WarehouseThreeRobotFulfillment/optimal/plan.txt,outputs/runs/WarehouseThreeRobotFulfillment/optimal/metrics.json,outputs/runs/WarehouseThreeRobotFulfillment/optimal/trace.json,outputs/runs/WarehouseThreeRobotFulfillment/optimal/search_profile.json,outputs/visualizations/WarehouseThreeRobotFulfillment/optimal/plan_panel.png,,,,,,outputs/visualizations/WarehouseThreeRobotFulfillment/optimal/robot_task_3d_panel.png,outputs/visualizations/WarehouseThreeRobotFulfillment/optimal/robot_task_3d_animation.gif
WarehouseThreeRobotFulfillment.txt,strong,A Star Search [delete-relaxation-hadd],True,True,11,11,133,3993,264.229,outputs/runs/WarehouseThreeRobotFulfillment/strong/stdout.txt,outputs/runs/WarehouseThreeRobotFulfillment/strong/stderr.txt,outputs/runs/WarehouseThreeRobotFulfillment/strong/plan.txt,outputs/runs/WarehouseThreeRobotFulfillment/strong/metrics.json,outputs/runs/WarehouseThreeRobotFulfillment/strong/trace.json,outputs/runs/WarehouseThreeRobotFulfillment/strong/search_profile.json,outputs/visualizations/WarehouseThreeRobotFulfillment/strong/plan_panel.png,,,,,,outputs/visualizations/WarehouseThreeRobotFulfillment/strong/robot_task_3d_panel.png,outputs/visualizations/WarehouseThreeRobotFulfillment/strong/robot_task_3d_animation.gif
WarehouseThreeRobotFulfillment.txt,weighted_ff,"Weighted A Star Search [w=5, delete-relaxation-relaxed-plan]",True,True,11,430,2024,3993,6973.35,outputs/runs/WarehouseThreeRobotFulfillment/weighted_ff/stdout.txt,outputs/runs/WarehouseThreeRobotFulfillment/weighted_ff/stderr.txt,outputs/runs/WarehouseThreeRobotFulfillment/weighted_ff/plan.txt,outputs/runs/WarehouseThreeRobotFulfillment/weighted_ff/metrics.json,outputs/runs/WarehouseThreeRobotFulfillment/weighted_ff/trace.json,outputs/runs/WarehouseThreeRobotFulfillment/weighted_ff/search_profile.json,outputs/visualizations/WarehouseThreeRobotFulfillment/weighted_ff/plan_panel.png,,,,,,outputs/visualizations/WarehouseThreeRobotFulfillment/weighted_ff/robot_task_3d_panel.png,outputs/visualizations/WarehouseThreeRobotFulfillment/weighted_ff/robot_task_3d_animation.gif
WarehouseThreeRobotFulfillment.txt,greedy_ff,Greedy Best First Search [delete-relaxation-relaxed-plan],True,True,11,430,2024,3993,6394.06,outputs/runs/WarehouseThreeRobotFulfillment/greedy_ff/stdout.txt,outputs/runs/WarehouseThreeRobotFulfillment/greedy_ff/stderr.txt,outputs/runs/WarehouseThreeRobotFulfillment/greedy_ff/plan.txt,outputs/runs/WarehouseThreeRobotFulfillment/greedy_ff/metrics.json,outputs/runs/WarehouseThreeRobotFulfillment/greedy_ff/trace.json,outputs/runs/WarehouseThreeRobotFulfillment/greedy_ff/search_profile.json,outputs/visualizations/WarehouseThreeRobotFulfillment/greedy_ff/plan_panel.png,,,,,,outputs/visualizations/WarehouseThreeRobotFulfillment/greedy_ff/robot_task_3d_panel.png,outputs/visualizations/WarehouseThreeRobotFulfillment/greedy_ff/robot_task_3d_animation.gif
